{"count": {"Twilight Sparkle": 4745, "Rainbow Dash": 3072, "Pinkie Pie": 2833, "Applejack": 2748, "Rarity": 2660, "Fluttershy": 2109}, "verbosity": {"Twilight Sparkle": 0.2611878681125117, "Rainbow Dash": 0.169097814718996, "Pinkie Pie": 0.1559420928056366, "Applejack": 0.15126327957285188, "Rarity": 0.14641933175538063, "Fluttershy": 0.11608961303462322}}